step,state,score,best
0,98,0.9414523809523808,True
2,100,0.9408095238095238,False
3,73,0.9465952380952379,True
4,44,0.9535,True
5,24,0.9598571428571429,True
6,1,0.9656190476190476,True
7,6,0.9688809523809524,True
9,15,0.9641904761904762,False
10,11,0.9669761904761904,False
11,4,0.9690238095238096,True
13,10,0.9678333333333332,False
15,7,0.9683095238095238,False
16,12,0.9662619047619048,False
17,19,0.9623095238095238,False
20,4,0.9656190476190476,False
23,2,0.9656190476190476,False
